left_id,right_id
3,4378
6,9015
7,1303
9,2456
15,4282
15,17364
26,537
29,6031
30,11088
39,10872
49,8096
53,17892
54,6572
57,12060
57,13302
64,8391
65,11129
66,3668
80,6526
80,17375
81,17194
86,7610
91,17687
93,8350
97,15904
99,4520
104,11791
107,12090
108,21709
114,9223
125,5419
126,1555
128,2701
130,9890
131,5595
133,18758
136,2576
137,21120
138,11468
147,21192
148,16350
148,18936
149,19030
151,691
157,16205
159,9709
162,18055
162,18348
163,123
164,18937
167,15437
172,1152
176,4854
182,7399
184,2959
186,1928
191,1243
191,11197
194,6876
199,5511
201,6828
202,2447
205,10517
209,10972
211,400
215,6601
217,5274
218,5046
219,8696
221,16624
222,1354
225,12627
229,13258
235,21783
239,10617
258,10646
259,10734
260,3777
261,5192
266,2949
272,3965
276,15426
281,7824
284,2675
286,18626
290,5514
294,19911
297,15653
299,4644
303,19299
307,10209
309,19291
312,13299
315,7705
319,21483
323,1244
324,8519
328,14369
329,7314
330,1599
334,10661
336,20174
345,8386
347,14458
351,10048
356,21591
362,3235
370,15071
372,8437
375,5041
376,9389
378,21690
387,3169
395,99
396,7144
398,16514
399,713
416,19475
424,8534
426,14868
431,18464
446,5774
447,13174
448,13173
452,16645
453,4892
453,10899
454,1891
455,19347
459,20827
461,18389
463,11440
465,7304
468,8479
468,18940
468,20645
470,10874
472,15367
475,781
480,376
483,9130
500,12544
502,5421
502,11435
503,10206
504,15431
507,11953
512,9060
514,14881
518,2138
522,14014
528,76
528,21347
529,17879
530,6615
531,19817
537,790
539,11542
540,9383
541,9189
547,9295
548,3414
550,19539
555,19009
556,6721
558,5883
561,18152
563,18915
573,16964
573,17558
575,1128
577,19367
579,15015
584,965
585,14867
588,20108
589,15495
591,5594
597,22043
599,556
600,12881
603,21731
611,8429
614,22045
615,17519
623,14735
624,4039
625,18443
630,12817
632,13149
636,9151
637,15920
648,4759
652,6708
654,14489
658,21942
660,10273
662,17258
663,7135
666,12514
667,7079
672,2944
678,8962
680,843
681,20251
684,17573
687,20212
688,4783
690,12896
692,18704
693,104
694,20006
695,12569
698,17286
698,17621
704,18206
705,12895
709,1096
710,2945
711,7671
714,16478
715,7850
717,20106
719,6972
720,13398
722,12995
723,9675
734,5991
735,12273
737,6759
738,18197
739,11687
741,11537
742,8235
745,11810
749,15430
750,10530
752,7075
759,8381
765,15415
769,6362
771,5517
780,14278
785,10845
788,14901
798,6373
803,4121
805,14294
810,1480
816,11998
818,979
820,6298
828,10887
829,8897
832,4597
836,8739
841,7503
848,602
850,8443
857,7347
864,11894
870,14930
871,20288
872,15268
874,5644
875,4226
880,5986
887,12783
892,21096
893,11620
895,12463
903,16989
905,19636
906,3469
907,13994
908,13023
916,8910
917,17317
920,3246
921,20935
925,21757
926,4426
932,2813
935,14800
936,14004
937,19775
938,15252
939,3615
941,2805
944,14177
945,3103
949,7346
950,15942
961,14317
970,6930
973,21568
975,13422
979,9553
983,18364
986,6669
992,19592
997,4379
999,4923
1001,6638
1005,11657
1009,780
1011,13413
1014,7028
1022,12116
1024,12674
1029,16791
1031,13438
1035,21947
1037,12168
1038,19035
1044,3009
1063,18
1065,10600
1066,8297
1070,18620
1071,16126
1073,2522
1074,20740
1077,11884
1080,14454
1081,21587
1083,20644
1090,16634
1092,13747
1093,5462
1093,16869
1095,2702
1102,7853
1104,1397
1105,8089
1107,12700
1108,10672
1119,3471
1121,14109
1124,15647
1125,8267
1129,8643
1134,8789
1136,17383
1138,9085
1140,9097
1141,9253
1148,16756
1149,9481
1151,18330
1159,13109
1163,6862
1165,3695
1175,19245
1177,20811
1178,18153
1183,11288
1185,11039
1186,16092
1187,5479
1189,2759
1190,10706
1193,4493
1194,14916
1195,5364
1197,4814
1198,14823
1200,19354
1207,6898
1209,9717
1210,1324
1217,5249
1218,5267
1219,14406
1224,8070
1229,5842
1230,4667
1236,7615
1237,6974
1242,2465
1248,16298
1251,2073
1256,20411
1261,8266
1262,12734
1263,22051
1266,4232
1277,1880
1282,1240
1283,14891
1286,16535
1286,16839
1287,15033
1291,17829
1298,8455
1298,19922
1300,7620
1301,6494
1305,2558
1311,14760
1315,21112
1317,9408
1317,15355
1317,20506
1320,884
1324,912
1338,17543
1340,8496
1349,12191
1355,559
1356,11269
1359,1903
1365,18372
1367,12146
1368,12442
1369,14864
1370,5172
1377,11802
1377,12161
1385,17536
1391,2976
1393,17763
1396,2438
1397,20805
1398,4586
1400,14943
1402,20183
1403,21315
1405,14894
1408,9829
1413,2788
1414,2485
1417,7248
1423,9727
1424,2225
1424,8192
1424,14148
1426,10692
1432,6230
1435,7324
1441,15284
1448,7902
1451,4719
1454,10760
1460,14498
1467,16059
1473,3250
1474,3961
1476,11083
1477,2432
1481,4162
1481,16118
1482,8566
1484,15558
1485,1375
1498,5234
1499,4637
1504,4817
1506,16666
1508,19514
1510,19042
1511,4517
1511,4519
1511,21680
1512,20844
1513,1592
1525,12543
1529,1441
1531,17126
1534,1090
1535,18999
1539,4756
1542,10127
1545,21374
1548,9245
1550,11326
1552,9156
1558,4508
1560,19669
1562,12169
1563,430
1564,6914
1571,6998
1573,5415
1577,13540
1578,3323
1584,11475
1589,2645
1592,16658
1595,13390
1606,18687
1609,2509
1610,10450
1613,17218
1614,11350
1615,12973
1618,6364
1619,9585
1621,16058
1623,6592
1624,5013
1628,6288
1630,10851
1635,20243
1637,1270
1640,9564
1641,15009
1643,2779
1652,14384
1653,1649
1655,10361
1656,14169
1657,16332
1660,11172
1663,10771
1666,6194
1671,20794
1681,13297
1684,17948
1689,292
1695,17274
1700,13659
1703,17701
1704,16231
1705,14645
1713,21093
1714,18512
1715,20591
1717,17261
1720,20522
1720,20799
1726,18463
1727,14918
1728,12125
1733,21812
1738,20132
1742,15527
1751,20117
1753,16220
1758,13845
1761,12647
1772,2222
1774,18402
1777,3750
1784,11403
1784,13390
1789,11778
1790,19800
1791,19538
1792,8494
1797,6004
1803,6872
1813,1607
1821,10711
1829,19353
1832,432
1833,5542
1833,9342
1834,16331
1837,13677
1841,2326
1845,185
1850,17488
1851,13348
1854,10030
1860,5560
1861,18357
1863,21325
1868,4494
1874,14194
1875,9386
1877,2927
1882,10854
1883,19123
1885,2010
1888,6729
1891,15304
1893,11120
1895,7660
1899,5458
1901,10882
1903,10674
1904,15684
1907,10481
1908,20111
1919,543
1922,20240
1927,19026
1928,13789
1930,15375
1931,11214
1936,11295
1939,20177
1943,15780
1946,1315
1949,17302
1951,20443
1952,1769
1953,11438
1957,17570
1960,2284
1963,6961
1966,656
1973,3155
1975,8180
1976,12093
1983,6913
1984,1120
1987,10905
1992,1274
1997,12451
2000,14202
2004,1747
2004,19520
2006,13921
2007,20461
2013,9226
2014,9456
2016,12006
2017,16793
2018,5207
2019,16543
2021,17374
2024,18710
2028,12891
2029,14035
2030,13167
2033,18679
2037,8519
2037,21543
2039,7443
2040,9550
2047,8524
2050,21912
2052,6286
2054,7601
2059,5734
2061,352
2063,6308
2071,8814
2072,4159
2073,15479
2078,3894
2080,16295
2083,14539
2087,11143
2089,7048
2092,13767
2093,16311
2094,15247
2099,12941
2100,20731
2101,15843
2106,1253
2107,8358
2117,14557
2118,10371
2118,20621
2119,20314
2121,4432
2124,11564
2132,7358
2139,101
2140,6965
2141,11048
2142,5920
2146,6470
2146,8537
2147,2887
2150,21343
2151,7338
2156,14545
2159,16653
2159,17899
2159,17900
2160,9858
2163,8469
2164,3694
2167,17733
2182,9456
2183,10973
2186,13583
2188,2671
2190,2310
2191,16173
2192,3144
2193,5682
2193,9730
2194,5101
2199,18138
2199,20395
2209,17162
2209,18420
2210,16560
2211,4646
2213,21798
2216,20675
2219,245
2221,11340
2224,14686
2229,14755
2237,1696
2239,326
2243,481
2244,594
2245,3566
2248,8368
2252,16783
2253,11265
2254,345
2255,14015
2257,8356
2257,20424
2259,14834
2260,13722
2264,19007
2265,18698
2266,1616
2267,2527
2273,5255
2274,356
2275,19662
2276,12760
2293,6548
2295,21434
2296,12892
2297,10869
2305,10515
2315,2142
2317,15825
2326,1681
2326,19268
2327,8544
2329,14073
2331,21976
2334,10108
2335,8279
2339,2236
2341,7893
2342,638
2345,15061
2349,18166
2353,13476
2356,5527
2365,8618
2368,15351
2374,3051
2378,11830
2379,264
2381,3482
2387,20821
2392,15893
2394,13251
2396,18101
2400,10787
2405,8668
2407,12311
2409,11714
2412,7233
2416,5899
2418,7679
2422,8663
2440,6643
2441,21373
2459,7486
2462,14117
2465,21734
2471,19283
2474,14437
2476,6955
2477,4884
2478,16862
2479,10669
2481,6885
2483,11841
2485,8095
2488,5635
2501,4362
2502,16032
2503,20051
2507,5038
2508,11582
2510,11625
2511,21503
2515,4424
2516,20309
2519,2668
2520,15683
2522,3324
2523,10365
2527,13282
2531,19976
2536,12333
2538,2279
2539,10705
2540,5175
2542,6690
2543,2533
2548,19117
2550,3025
2550,15807
